{
  "shap_importances": {
    "M93056_at": 0.034071979960177814,
    "M96326_rna1_at": 0.034071979960177814,
    "M84371_rna1_s_at": 0.027513222913919885,
    "M27783_s_at": 0.02751322291391988,
    "X16546_at": 0.026588280962629652,
    "U29175_at": 0.026588280962629652,
    "HG3494-HT3688_at": 0.021181594966122614,
    "J05243_at": 0.021181594966122614,
    "S50223_at": 0.018270826902811732,
    "U05259_rna1_at": 0.018270826902811732,
    "X64072_s_at": 0.015299356040722361,
    "L09209_s_at": 0.01529935604072236,
    "M83667_rna1_s_at": 0.012129690635503771,
    "X85116_rna1_s_at": 0.01212969063550377,
    "M84526_at": 0.00716780965658736,
    "M92287_at": 0.00716780965658736,
    "M63379_at": 0.006728329318810875,
    "M63959_at": 0.006728329318810875,
    "M33195_at": 0.00661974566733358,
    "M31303_rna1_at": 0.006619745667333579
  }
}